label,text
ground_fare,"fare from ph #  ### ## I The package class #### It import html using package # - ##### When ' package <? > < ! Do # User #!/ If ``` There In My This // Here A As After B S # What # You ( "" “ We For Last # By const With So Our At /* An On L D The One Today The ###### --- From T F C N P /** To The The E New These Now # Welcome W Many H"
ground_fare,"fare from  # ## ### A The New York / package I W #### You By B User This Is When From For < > import There We In If ## // ###### # “ # <? ​ What Are Our Fares - At ( Any C # using As # How About One # --- # /* With It While Here So These ##### # On T ``` \ #!/ # The Today by "" S  # class M After An I The Many The My ##"
ground_fare,fare code for economy class from b The cost of a ticket in the  package C ## User # You If I When F A We In - How This < It ### Last By ( What ##### using There ###### On > import #### At Today After With M D S Here “ # // ## The <? So For As ## From W ### /* While # Our T E # An One To My ### ## by --- /** # ``` Some Are H New Now #!/
ground_fare,service class
ground_fare,"ground # I '  User ### ## - The If A B C D E By M As #### import ## We <? < "" What package // > After With L On My T This from It When In There Here ###### ##### using First Last At From --- To Today Now ``` “ Do One For These S U ( How About While You Are Your F K # Our During H G /* /** \ Every Wednesday @ New Monday N #!/ Some May Thursday W An"
ground_fare,"what is ### # > #### - This  ## I ###### For In (I The When We < using using import package It With So One If <? At A --- # # You ##### // "" What User After From Today ``` There from By While S How Home As Are W An F ### On L Our # # New ## “ H E My Many T /* by # ## The R P All D Some C To Have # Welcome ### ### /** This #"
ground_fare,"what  ### The New I In What # A B C D ## User Pre Con - How Much When This package import ### For If <I N > On It # Last You #### from using by At As We By --- // "" From One Here # There <? # After ##### To ### ### Our ###### Today /** const /* Now ## The Are ``` ### F L ### “ First While ( ## During Yes Every Since M W T G ### Over With ##"
ground_fare,"show  The ### I # A ## This - User R If It # > #### < import using “ # We package class ( "" ## When Is What from // From ``` By #!/ use @ # ##### How Are There These In While For With <? /* So Here C An To # Our Last S On The One Today by P As ###### ### Every const # You W --- # M After D html ### H Many /** At Since ### I New E ###"
ground_fare,ground package 5
ground_fare,"please let  # ' ## ( ### - The F A S T E R I P ## In #### If package Please ###### We What When How ##### # It C $ This < User M <? import xml ``` // --- There Are Two W H O K B After "" “ Here D Q By using the class cost of a For # > You As With While * @ module So At The Now The My These From ## by using const { / /* #"
flight_time,"please #  I #### ### > ## A W E L T O N (B D R C - It The New When If This # import In What User At Now < package We Our There // ##### /* using As To For From M On <? “ by With Here ###### B ``` By You Over Last Today An "" One After My So # # ## \  Are Have Whether Not While #!/ F How Some The H const U @ # /** import from"
flight_time,"what is  #1 's # ### ## // ## The first class schedule of northwest airlines > #### In - A / S # import - T I # We package # You "" # This <? using from < ( # There If # ##### # # ###### Our ## My --- What It One By As ## User When Today const /* For Monday On With “ L P # To Here An /** # Home B ## How # ### ## The Last"
flight_time,"what ' #  I ### The L package ## For < When > using - You A U M On ( This We As It If import package ""L F Are By There What ## In ​ The T C S D User ###### --- At No One So With #### Since The My Last “ from <? // # P O A Today Yes Now How ## Over The # N After To Here ``` class First Another @ While Our An Home # ##### The /* From"
flight_time,"what time #  The using is a class of I - A  By 'using package in dc ## What You This ### User In D ``` B < from H #### U L It As There ## We If ##### // When Our With One How # On After <? > ###### import html At Last ## For Now W --- From Today #!/ The # The @ “ by My ( M F An Hello ## New Some While To # The /* The /** The """
flight_time,"what are -  by using the first class cabin # The program ### A ## What #### How I We ' > < In package ## By Using The First Class Cab It “ User # This import from package "" ## When You // With Last Year ## --- If ## So My ### ( ###### S There After ## W Are As On For <? L At H Our Here # F An ## /* To P R One Today #!/ These D From While ### Now @"
flight_time,"what  # please ## I ### The package // By phone - What ' A package < In # There from We import #### With using This is It ##### If using > You When export /* User "" Who For using # D User #!/ User S To @ After using /** L User <? Are in At While ( * R C From “ My # M F Today ###### So ### As ## On const package # # import The --- One / New ‘ All These"
flight_time,"what is the earliest 91 The system # What This I ## In ### A #### If It There With using  As  User For - You from by import 'What <? // Who When From # Why Here We By package ""With < > One While On #!/ How Do Last ## So ##### --- The H Are G Since /* T Now B # F An ### The Our W After ``` Your New L All using ( # The My N To “"
flight_time,list The 10 am EDT If I Have # ## Please ### When What It S package
flight_time,"what ' This - ## #  By The First Class ### If It There In At On I > package With A When #### After using We User # < What ( ###### import first class ##### “ As For Now Our E // To Home My D S <? by The Today F C # # So Over How B T /** From Last Tuesday W L M P You @ const # --- ### ### While New Here H U "" An Since Just I * # Welcome"
flight_time,"please #  ### - > ## What The If We A I #### import n There Are W This It ``` # With After How User using # ##### package namespace export You S By In As At When For < “ // Our O From An # @ While M On ( C ###### P L N H F T B ### <? # ### # from \ "" class public const Here ### /** The The New Two The Today ' by To So My /* ## Do"
capacity,"n  First class seating on the I # from P ## - ( This Is A Cap As The S On > It When User W package For If What ### # One In The M ##### With D While #### So C import There At # <? < The You By We ###### using Our After B // “ "" ### /* # The R Today From H # /** ``` Are To Here G F ### html Some T L My The const N --- # Last"
capacity,s class 1
capacity,list seating on  The New We A #1 from ### ( ## S T F P H If I get It At No As There User In When This package > import - <? With ##### # #### For You using Our By After What On ### # ###### Since /* B // Last First Home “ One To My So #!/ # /** Some Here How Do # Today # < The While Many ### W From # M by ### const class var --- # #
capacity,"p # of seats per class on a 73 < Sep2 's first - class & second ## # of each class ### I M > "" How The Many # in A It #### What There By One When ###### This We package C Here In S ( # ##### As # “ F To At import P You My H On With If # ### User @ // using # from the 7 ### For # <? --- - Last # \ After So"
capacity,"s I #  In The B - We This There A ## If ##### package #### For import ### When // < It By On “ using from While Last At After <? > Today S --- User What ( "" # /* You How With One Here ### Our Are As # Over To New From L The M class ###### const #### #!/ # Every Now C D ## Since So W P Some html H # Home My \ According G An by # Welcome T /**"
capacity,"s - #  ' ## ### This Is A In The S #### What If I F C It ( # using "" package import export ###### From P Q To R For > On M # <? // As B User We At When By You const # < While Today New Here After ``` @ # ##### ## # An N T “ #!/ from /** These All Over U # There One With ### ## Our Many Now L H Some # Are E by I ---"
capacity,"cap #  The ' ' A ## using ### # - I This const package User As If In You When We What import export # from module import # #### ( ##### With It One # --- For <? < > While Our ## There // On # My ## At ### "" #!/ P # Here M # By # How From Are ###### /** To “  /* C ### # Today Now by ## H html # # B class So These After @ * T"
capacity,"p - 80 # < > ### ## The ""Q"" Represents Quiet User I #### This Command All It Does Is Tell You What Are In A Given Part Of Your Hard D package There We Have P ##### With These When Using By Our Home W On One For ### import “ / M using After # <? // As Some From My using # S If So ## ## F Here from Now Today ## ( At ### --- ###### ​ Why T"
capacity,"p I The capacity  For a ' - class # ## ### User “ ‘ A #### As // This package > It ###### In M What If You When S ##### < using import "" . # --- We <? ( ### From N from T There # By Using ## So W const C My P # One Last Chance ## After No Use On Our F With At Over E Are Today # The Most Recent L ### Here Every How # Now The New R"
capacity,"c how #  We ## The package is > - This <? ### If using C I User #### When As using ##### A L < # It --- Our S # There In You ( from "" ' // While On F import by So # Here “ My With W To const By From ###### For The H E How #!/ D # What M B An ``` Last U R Do import /** @ class /* ## Today T P All * At import # Now Are"
restriction,please state the restriction for flights to p The service class i want A
restriction,"restriction on tickets from char #25  ### (7 ## @ # The fare package I - F There using In < > #### A $ S As If What User import "" When This One Here It By We Our From For <? /* An Or // ## “ On # The After How Last # D ##### So To #!/ ###### L by You Are Since # ## ## class # C At # # # Some Today ## With Whether --- html ``` import import"
restriction,"what are the restrictions on coach travel from  # ## ### - At The I import package > What By A # We This User using < It If # For “ // #### Last While There by With When As <? ##### ( In On You After Here @ Our Are --- "" How To ### ## ### F T #!/ ###### My From Since /* W D So L M class P const # G # Today ## The An S # New The C Do One The"
restriction,i want # 3
restriction,"is there a ban on smoking in any of the (  A # The - I ## If There S ### This On In When What With #### As It ##### By > Today One <? For Some User import import package @ export function class < # using namespace * by "" using type from # You // # My C --- ## M Our G ###### D H  T # # Last O N We /* #!/ ## To From ' These “ B After # The"
restriction,ap6 - what are the class of ##  I package # ### The In ( class # ## A ## It By > #### ##### using This There User What We < “ <? Last If One At import html // After You Our All On ``` With When As For ###### From M So const # ## My --- #!/ An Here ### While F Are # # T The # # ### How # B S H These ## ## ## C L A W # ###
restriction,please list any restrictions on flying into  The # using a ## first class ticket
restriction,what are the travel restrictions on a 73 from k to ## ### by # $
restriction,what is the friday night restriction
restriction,i need the  ### #
city,"i '  A # ## I If You User In The This #### ### - For Lists It > # < package import "" A <? /* When We As “ using While ( # --- // * There With What Our from How To By After At # # ##### ### \ My C New Here @ Some From # So Every Today ###### On One # ## # An /** Last by Many Now #!/ ### ### Your ## T ``` class A ### D ## M"
city,"please #  The ### I ## This - ##### ###### In A import export There <? > #### // What As When One We On You # using from For With If package < It C While --- P “ US ' User After L @ /* From M const ( # The S # The D T To # B ### Here My Every # Are Today ## The # By At # How Last # W "" The R So ``` class function These E # The #"
city,"show me a - I The ' #  A ## This ### If import #### package What // C city > At There “ By As It So You # User "" For When With We ## While ( ## using < ## How After On My @ In ###### One Two ##### To From Here ## by # ### Since from # ## M ### Last T ### # D F # W ### <? ## ## --- L # R Are # V ## /** S Our Many"
city,please #  i The c h e A r # ## ### ###### #### > < I It C H E D R When # There If User W N In <? As This import - We An On One package Our You With using For While After What # ##### from From How To // The S G # Here “ # So By L At /* My All F @ ### The P Y M /** Are T ## Your B K Every #!/ Last The ``` by
city,please ## I #  - ### When using “and (c)” in M # package ## The It # You #### On In C There User If We // A For D Do As W With Here At ##### What This After From S B import class City ## By One H L # by from < > ###### Our R G T # or F To Home ### # ## @ ### The How So \ /* An A ## E #!/ While Now Since The
city,what #  ## The User In This Record If For What By ### When I On At #### package import by A - from T using R ``` S # < M - While D ###### # <? L --- During C > ##### We The Today To After E ( From N // There With It You An As P B How K /* Here Since ### Our These # ## # One Who Do Now New # /** #!/ W Not ## All “ ## ## So My
city,"where from the 3 - at new using n # ## The ### It In #### If User As I This package A For L # Here ### import package At There ( ' i You > We # To From One The After By ### New On With ### While W // When B # # "" < ## C ### T “ # ###### An # --- D <? ##### # ## Last Updated ### Since E H The Today #!/ \ ## What F /** const P"
city,"please  # - ### The L ## package A > This #### There using import < SEARCH ( ""please I W by L package A As the results # When you ##### In M By # It User If from B Here With For Since The Last # At The Most What So ## While // ### ###### ## “ @ C ## ### We ### <? \ # One Two My F From You To How These The Today Now /** ## Some On # const"
city,"'  # The first character from ## In using ### We package #### - ##### It ``` When I ###### ( This ### If You A B C D --- import re What After Before On As For ## User There Here One Two Last // Our L T H So M # Today /* “ The The While W > # About An To At Every < My # With ## How May # <? P By Over From ## S N # Since R ## const "" #"
city,what #  A L ### Sorry I In The City ## This It User #### As Us We If So # When Are On By import using from package // What For From - There S Here --- ## With After Today ## <? import < > You One My To Last # Yes “ “ /* import /
meal,' What is a meal
meal,"' I # A ### ## -  There # The #### You # Your > It This User In import export When using What For As On <? At package US < P ( @ If After Before With By // M ### We While My by Our From How ###### from ##### # Today # # ## --- One # # ## # S ## ### F C # ## "" L /* R H Last # Yes So “ T B # #!/ Every ## To Many #"
meal,"n ## I # ### The  import - what using A It ( What ###### In --- > For So When #### User package If There We At # One “ This You <? By Our From Since ## As On /* // M C Today ##### To Here After An With While # B Are All ### from My # ``` @ < # H Last How # The S L const "" ### by F Let html P var # These T /** During According Yes Your Now"
meal,"what #  ### package ""show The package is SHOW PACKAGE ## If I ## A There are A IN - # This ## < > It using When In After User From ## While We ###### import You The class // --- What For ## On # ##### So /* <? # # #### /** “ At With During An Here The ``` By ## One #!/ M W ( ' F As Last # Our ## # The by # ## Every My These B"
meal,on a 102 from p # The meal service of the first class @ new y - ### ## On ( A package with  In using ## < I We What As This By There import ## It When Last <? #### // With # User ## So You One > ##### If After # For From At ###### D L # Today To Here --- /* M W The While # All F E ## Our Now by \ # Some # Do Many # New
meal,"service s - class meal #  I A P It ## ### The When We This What < In One M If package #### “ I # You With There All On Here For At To import As ###### > # So // ##### User <? While Last using B F @ By The ## Today # "" S ( # from From C # After How D ## ### T by G R An E const # html ## Since # H Have Do --- ### L Every #"
meal,"please i  # ## A package with the meal #### ### I The flight from ch - What is E F W P D It ' "" ``` # For each of p d ##### <? We import ###### As This User When C H If By using B With After ( @ You M > While Here --- The # In There ## An Over S To Home < These My “ ‘ const import // # One \ # # On R Our ## At T ### html"
meal,"meals #  What The It ## User ### package - When I using ' > # We import #### This is A ###### Are you there ? There <? ( l < “ what “ // For the "" --- Please In As P C You To If ## S s With E B By At On After From One The ## W package from ## My by ### M ## Our T H R ##### D ### # Here Today Over An ### Yes Every So While Many /*"
meal,"i #  We ## - A # I using ### ##### It # If The What When How User import package ### ( #### # For You This In On > ###### By S At “ There With Last < # One <? --- Today Yes ### To W by "" These Our /** The B From const ``` \ ' After Here #!/ html // D # As Welcome While F @ /* Some # H So ## ## C L Hello Since K T During # I R"
meal,service meals # 1 ## by #  The fare code for a meal (including coach) This ### ###### As A Me If I It We What There <? By import - // package package “ In First class with a free main using My ticket from package ##### #### From P For B While When M # How User With Today You Our New package /* On An Another After Yes > ## The H Over T < # #!/ Last S # Welcome R package Many
aircraft,"craft I #  ## A class - The aircraft ### What #### C This User ( You // With On Our For In As import package from There We > If It Here So While My /* By using When Last <? B Today After ### One --- Two ### ### An ##### < How by F # P "" # H Since const ###### “ Now N #!/ M To T At /** Every U * Some R From S ## D ## The module ## ## These G"
aircraft,"crafts of the air #  ## The If I using ### # - > We package A #### This You # What There As It In import ( User // < For <? With While When Since At ###### From ## How To ### “ S T ##### --- /* class aircraft # On C R """"""  # Today # So By by  from @ After Here "" One Two * /** D H E # Yes L # My # Last Some # M ``` \"
aircraft,"fare class and aircraft types for t  # ## ### - The Seattle When I A User We You If So What import package using #### This In Using ##### There At For > <? #!/ It Is L One ### Why ## “ ## While E Are R Here From S On from const ### ###### The ## With After T Over ( ## Since < // B Not M /* @ Last ### ## ``` by "" As These F ## Today My ### ## By \ #"
aircraft,"craft i 4 ## # < The C - ### When import This If It There In package I ( S After “ using We On ## --- #### ###### /* A B What Here User // from So For From You With As By Last While To <? F M /** "" L P D ## Today Some All ## My const These > New Since Our Every ### H W V ##### class One R ### At # ### Home T # How by Many E ## ###"
aircraft,line  # (i ## I The A - ### What In This There First It Is User You #### ##### > By As Well If import import package using With Here < The L ## After When We Are “ ‘ by # The W # One How Our <? Last On For ###### // ## /* @ # # So At * B While const class The --- Today Now # Since from # /** The ### # All D To # From / \ ### Every ##
aircraft,"fare code I have (d8 2 # ) ## The ### A #### B It - What "" I // “ We package D In S This User Is At As For If ##### using < SE > With from While Here ## There ### You ### After Our ## F ### import ## On /* How <? # An @ ``` My M ## By # ###### When --- ## # Every ## From # Whether C # One # ### Some # New Last ​ ###"
aircraft,"craft # 6 from “ package A - B > The S I By F ## ### <? If In With T < import ( It # #### # This # We using // You User ###### Our Using # When What There Today Last by To From One How ##### An After C ## As Is # On Here #!/ "" \ For ## Since W # At While const ``` import --- # My H ### These ## L Some So # During Now G M E The"
aircraft,"line up aircraft from #  ## ### ##### I A > This - The ""L  < using # By #### After As You On If User ( F What When import There For In How It package @ --- <? We With From “ L All The While # Today My New #!/ Last At S ### ###### // D Our Over M Here # ## Home # # P # The # H class of export ## # C ### The N # T These # G"
aircraft,"line the airplane I #  > ## package import all ### < The - S B This As #### In There User A My // It When We <? With For You using from /* ( @  If At By Today What After ##### An On To Our ###### Last How H “ --- While Are E The ### const class import /** # #!/ C W So "" These L From ## Here One Home # T First # ``` P New F Do Since Yes D"
aircraft,craft  # ## ### - I A T package When using #### The First class ## ##### > We There ## For This
airfare,"mention the # 1 first class a fare from ## ### import / to p D #### - > package using # I S A The F C This When If ( P ##### In T As You It ###### User Our There # By After # We Today One M # While Since “ --- Last First A R Over My What For <? L From To Here On ## ``` < # During Now The With ## An At /* # \ by E No // """
airfare,"show me the airlines by using from package in  # A ## I - ### In < SE The Last R You For As By Is From On After It At ###### import ( What There Are This S When If #### User <? F ##### ## The One Our New We # > With Since To My Here D C How P # /* Today T So // Some The W L ### ### # ## “ # # H # The The --- /** @ "" #"
airfare,"]  # The F ## A R I ### This package import import import #### From S U P E If you "" // from sup - using a module When User In Using What For It import ##### Last ( ) There package ``` export ### < > One As By While We At # The L O W You So Here # <? ## An “ // an --- access package ## D N With # Our B Are After The T All # C First Today ###"
airfare,"]  ## I # ### There is No This S A The In If We import ""A It - What You At On By When Our So ###### F #### ( ## package p ##### As using ' package export ### For User From With To One “ < # // ## class M ###### My Another New These --- @ ## from # / # # How About Here # C After Many Now Are > ## <?  import * ##### #!/ ## # # html #"
airfare,"]  # The cost for a first class ticket from T "" using the American Airlines ## M S A I - P R C In ### How #### When <? /* This module package require ' > E N D We import ( < SE O W As With // Here After At Last If It What /** Today User Using By There # On You #!/ For These One # # # From @ ###### # During ## by “ # ##### Our F U G A #"
airfare,"] - #  ## The ### When ##### How # I T A #### What > User W It From This package ###### To This # We For These S ( using You If In There As On Here So ### C By While import Our Since // # < # The from <? html by “ import Are const /* B Over My With An After One ### ### # # class First P "" export Now Yes ### @ New Home The All Hello ``` # ' #"
airfare,"]  import the air fare from p It # it - The F A S If using ## ### #### // This <? I T package When You There What To User We ( As D In > ##### Today by using From < ## For Our Last One M An “ On W So At My /* # The E L By Now ### ### const ## B With Here ## Since # While C # After H ## R P ``` #!/ # "" /** Hi Do ​"
airfare,"]  # - I D A F R The ""first class fare from ch package"" You W ### When In the P ### First ## What It using This User #### <? “ C S From Y > ###### Today import import // We Here For If Last # # There New Our How # ( # const N O T By With An Are ##### < ## --- My As L At On After #!/ ## by One Home Since ## Some H M To G Many"
airfare,show me the cost of 14 fares between at ### #### please ## by #
airfare,] #  ## When I A The Class Fare For First Coach It ### This If After In ## import package first class #### - User < using ###### > On What To Here // So As “ <? function ## By With # Some ( * ##### There We ### #!/ # My S Last Year M # You Are # from One Today T /* From ## How At ### New Your An @ Welcome Every B by # All # L ### Over ### C H
flight_no,"flight number from san j # ## I using ### - #### # package ""first class  Wednesday"
flight_no,show me the flights on american airlines from p If 73 # in ## (d
flight_no,flight numbers from p
flight_no,what is the number 4 in dallas
flight_no,"what is the next flight to d The 7 a m from # ## A ### I < - package This #### B By ### It What using "" ' by We ( D > ##### User In There # ###### At As If After <? # When On From My For You C ``` // While # const import var module function --- Our T H ### /* @ ### L Here M Do S To R The #!/ Are With ## All ### F Last G # So"
flight_no,"flight numbers between 50 and # show ### ## The a In Sep What As #### I User For When You This With import import using ' "" - There are A in S E P F L T M H C N It package To If We My Today After > By ##### // Here # by “ < from ###### The <? ## While /* At * Our On How B So ``` const ## An Over Now From ( --- Are W G V R I"
flight_no,"flight no 73 ### #### ## package # I A - T We The first class ticket from at  In This At There User When From What ##### <? By How You If > < My It To # import package ( ###### ## # Here After With W S C ## using ## So As Last One // @ B P All Welcome "" # M H R ## For D O While On Our # # ## An Is L New /** # F N “"
flight_no,"what ' #  ## <html> The - ### When <? > I ( We using "" What This package There If we use It Here #### You using @ At ##### A here In ## W // T So / S With From F How # # L As # While M User # To G By D B --- C P # import numpy import math from function import # import My New Since # \ # One More Over H E After O Today ### ###"
flight_no,"flight numbers from b  A # ( ' "" ## The following number I B ### What #### This package ## The package C - User  F ###### The using module G  U ##### import use by D In As > # If ## At --- When P It  H You ``` So ### There The One We <? < # Last class T My After By Here From S // First class R Your During For An Our # On With ### While ## W Today"
flight_no,"flight numbers from d package  User # It I P This #### - The D Package ### ## For More Information On A Sep ##### import * From B C If After So You When What Now ### There Are Many S Ep ###### In F Do As Our Here < We # How M <? > With // ## ## # One T By R W #!/ “ ### /** --- My A L To /* ## While At O # using N An ( "" ### The New"
abbreviation,"what #  #### User "" I < ## If A ### The # There In You As It - This > We After For ##### # At So From What import using # When To from by # ## S # On By ### One <? “ package /* T ## // While P ###### My How # Last First With Here Today An Over # These # L ### C ### M ### G Our @ H \ Home # Are N Every ## E Your const use #"
abbreviation,"what  - I ## # ### ( using the The User import export module You A package This package < In package If package #### For It “ by As ##### What When # By > We On While package ###### So With Are // From At Last ## How My <? There The New Here One To T Our B Now --- "" ## C ## H M # @ S R # K from  W Today Since ## F Home D ## /* class package N const"
abbreviation,what package # 7 ### T ## by d // using a
abbreviation,"what  # - The first class "" What #### ## ### > In This A I As ( It There Here using If T // We When Where ##### ###### On To User With For You package import * --- <? #!/ from How M Do const C ## By W Are So At html Our < One Two “ Hello After The Today D by Welcome My While An /* From New B ### H E /** Home Since ### import Every export ### ## P R L F"
abbreviation,"what #  The flight on sund A - I ' ## We import using F # ### ##### package < When ( SE # As in S What // > In D For N This It There You ###### package #### <? # If not T All M At R Our ## How B After H So By W "" User ## From Today To With Who ``` html --- - from Wednesday to who My Are Here # ## Hello Everyone Welcome Over There # “ Your Ever"
abbreviation,what is #  ## i import ### The I (lower case - A LAT B using - It # What We You # #### By W e Y # On In # This // User As For There > My F Last package ``` P C When R D T ##### With S < O M To ###### While H U E ## After These If N \ Your # How Are So ### # One Two <? “ ‘ @ Over Here From # Our from import
abbreviation,"what ""s  # # ## - A"
abbreviation,what #  ## < L I F E ### #### The List - It There is a long list of information on the United A In using S # By R U T H P User To B G > This You Here import # When If From <? package “ ``` ## With For Our On @ ##### What # As # from # ( # How After While const /** We // So --- One Two #!/ My Your Today M # ###### ## Last First W At
abbreviation,"what #  package ' # ## What - The F O ### It #### I In A B This One As We User On import ""a / package (package function < > When ## By --- T # If There For An H using “ A by #!/ @ package <?  ### # After E /* Here With At From My # ##### To Every Are C const /** class // * ### These R So While # You ###### All Our How Last ``` S No"
abbreviation,"what # ## ### ---------------- ' "" It package name # I A C B ## #### In addition The package What # - > import statements If When By This package As A And Here For User # On // One An F L D E At <? ​ ##### --- using function We Are After Our ( < You ## #!/ ## ###### The M S J H ## With /* My Std Have These While Last To There From Some “ Just W Home So Today"
quantity,of the a32 0 is it new
quantity,of first class what is the cost
quantity,"of seats available for the 12 o' I ### flight from # > At What When ## The S A For We There #### It using This - // On In ( import package package By First User With You ##### From Our If <? by #!/ @ D How As M ## My An So One --- ###### Today Here After C While T ## Home R Are P Last Wednesday # F const # “ # # "" \ ' W About Thursday ## E Yes"
quantity,of a first class flight
quantity,of all the flights from b # 14
quantity,of first class
quantity,of delta what is the quantity
quantity,how much does it cost to fly from san j In - The following day on the  # list ### ## class
quantity,of all flights by delta from b using 734
quantity,of seating configuration
airline,"i ##  It # The car a ### There A # We I #### On import ##### This import <back > - You ' ## By by package "" ###### L T ### B P For the l package using export # # ## What In package import User With At # Today When import Last @ After All # Over If / <? “ // So import ( https  F ) --- How Many W # Our One . S /* #!/ # An html H #"
airline,fare 276
airline,"show me the 12 ## a # A ### The  ## > In using I M - < It ( If S By What We On This There #### <? // import "" package from “ module User C ## When My While One Two As You With For /** * class First { # Last Today Our The # How From ## Here Since The To Every ###### D H P N K /* var F T O A # I After An # B At Now"
airline,"show me a #  #### ## < > The I A What In This If ##### - # import // ### using There As W While It ###### One package by Wednesday When We With From These For On You “ User # By Since H Over Last C Here How The <? B So # ### "" Using At An # After The S # # --- Our First from Now @ My F Today ## M Many /* # D Do ## # E Some ( ## Are"
airline,"show airlines by A # 6 - air ## ( July  It ' import ### ## #### User I The This “ By In We You There package C "" ## < > When using F ### Last M If // ###### from On At What # As For While S After ##### ``` P R ## const A T H --- @ One ## The With From /** \ * L N O To /* How class <? export D html B So #!/ Some I Our"
airline,"[n airlines with flights from ## # ## ### ####  ###### ##### using A # in T - i ( > package type The import I When If What After ## In C As By User S E P This package It ' My class You We One // There ## "" F K M # < Here From # On An Are <? With # Our B “ --- ## @ For R To While N const var package L G D ## ``` by W H"
airline,fa 25 ] # $ # The following is the fare code for first class on Delta Airlines.
airline,"service by air canad I  # from "" The ## ### By"
airline,"service information for delta
 The flight number  #  I L A C ##  There #### ### ###### We using class y When > < This - User In ( ### By ### With <? What import package If "" “ ​ It ##### Here Today // # M H W From For D ### One @ E After F /** Last On const ## Our T S # At G ## from /* You An #!/ As ### # # Welcome B Now O Are # ###"
airline,service by all airlines from b - #  A80 The I ## When using import ### If ## package name #### How (about) This ## What is ## There As you are You Are It With $ @ In P ### For import We To ## Here After ###### < / > While class Do // Just do User Request F So S # B <? By On ##### “How About Now At During Every D H /** New # Our Many ### An
flight,times for  #20 from by using the class of service first
flight,"information on flights from  # The ### ## ( ) - I ' > # This #### ## We < # If --- <? In There You As It using By When What import ``` # The # T ### ##### ## / \ # $ S For A ## // C User With At package html M package “html Here While "" ###### ### # To /* @ On B #!/ # New From Last L Today function # D During How by F Our After An P"
flight,times united flights from - This # The / ## ### We As What When (  In A If <? It I // ##### By At #### On “ > From There One import package ## User How Now using class /** # ## To With You const by Here < My After New Today For Last ###### D --- S C W # ### An html # # Our These All ``` While /* \ F G # L H Every Are #!/ # T So # M #
flight,_
flight,_
flight,"times of the flights from new  # i ## The ### We It using When In #### As A S E What For User If So import - package 'oracle. Oracle < class By With I There At My On This <? > // ## To ## ##### M You Last One Our ###### #!/ ### While During Since ## /* “ * H From F "" ``` W P T O B L D U C N ## ## The Today by The # # @"
flight,"times and fares from  The # ## ( ' - ### There using package deal with can by #### This < If When I import "" User A What In By We ##### It ###### Last Updated # > “ You Do As B Now Are How While After F # // const # For # class @ # Our From New To T So Today My L /** # <? The An On One S With # --- # C These Since G All html \ var ###"
flight,"information on flights between b #  You A ## I User The It using We This For #### ### If <? What < After > // There - So When By In ## How package by import # While ###### --- As Now To Here “ #!/ / * From S F ##### With Today ### ## # D /* # M H ( On These Last W # An B T L The ## /** At Our # The One C ## New "" Yes G Do Are ##"
flight,from New York to T We ###
flight,"information about delta flights from t # ##  A - I < ### The package // using ""  It #### We When M ### “ If User # ###### S E ##### In For --- As By L > One / This There What Are You T ( \ C - K At While U So Our On # ### import /* by ### ``` <? /** From Here Now After All #!/ html # import class * ## ### My ' H W Today With An # #"
airport,"fare # between 50 ### ## I package by import ( > #### User class A The “package class B There is no "" fare # This One When a $1 You C It # By import - After import using < ###### From What from At # With In How @ On An As S <? ##### #!/ We E Today // If So The Our While F const /* For T ## M D The # Over Last To W These All # Hello \"
airport,"transportation from  # ## When using The use - I package ### A # This is It Here import string #### By We the people --- User In package ##### There If You Can ( T P M // ) #!/ < As you by > Last name "" @ S E B Today ## From “ Your “ My L O C Are So ## After H # On <? ## ### With One Our What # W At Home F For # \ To Every Yes ## const"
airport,"transport The At ( #  “ When ## ### You Arrive #### A L ) S I As F C In With What From It M - User This package If > By After For import ##### --- There Is Our <? While using We How < #!/ ## Here An // "" from \ /** On One T D B P @ ###### Today by My The Last ## Since So To # The ### These Now # Over Yes # E All Every html Some # The"
airport,"code  # ## The "" - A short list > I L a ### We using the # #### If we by @ User This type In September"
airport,"ports #2  ## import package travel ### I - If you use The User Inter '  "" A D C using We the Using It In ### ( What By This How You < With When On From #### <? > At There S Last // While ###### Today Now # “ Are Do M After from ``` /* Let Get For To Our --- As Since @ #!/ ## Some Home About Here L ## # One Two F W So R html E ##### T Hello"
airport,"ports of  # package A ## P - <I ( ' I #### The I ### This User If  It As When using # In using // What is using import module name [ L <? import the list # export from > "" From ##### There Are After You Here To By # My T B Today We M ###### C With # “ W On New # These Two One F @ The S D For So How --- Our # At While O # E"
airport,"ports from #  ## # ### (d / I import using "" “ < > @ When package We User # In The There It A <? If This Today On You So By - #### One one With # At ##### As S T While ## # After C # Here My ### How Now What M // #!/ P Every D /* For Last N ###### Our Your const /** Some An --- These From Since K ``` E Many ## Whether F Over # New ##"
airport,"transport  # ' ## What ### import re The module ( package ) - It User I ## using A There This For #### > C In With When < If As // We To From M ##### By Here L <? After So Last Today const ## “ "" ``` #!/ The quote ## from R # # ## While B ###### On # /* At The My # \ ### Our P Hi F ## Are S W Since One ### --- by E Some # ### /**"
airport,"ports of the 'at  # ## by ( ### ) - #### I User The At A What This As package L from In One ## After It By How ## With When using You ## On We If import > // Our Here There “ Welcome From --- <? "" For Since ##### B S My Today D /** Last R While # const var export function W The M H The < F /* Home The So Now ## Every These Do G To Have Are The"
airport,"ports ( -  The package I ## ### # #### You using ## In This When A // > There ' ###### If So By On <? After “ @ User We ##### Our import ### From It What # Last Today At My --- With As from "" /* ## How S ## The Here For ## An Since B < ``` To Every const by # Over While E class T ## D L The # New One Many R P M #!/ * Whether K Welcome #"
day_name,"what ## # What ### #### It User The # A import / export - show list  Wednesday Thursday ``` ## For This You There # As as by using > By using When "" ' ## I Have Last Few ## from ## We In At To Today <? // If S Monday With --- After T # ( ### From package ## Some P My ##### < class = G > const # Here ###### On Saturday ### C B How While Our @ # # Home"
day_name,"i ##  package # The I There import export ### < LS > This It The - What A M The Last When # We using service ## from #### On Our One So # After All If In User <? @ ``` # You For At Here --- As To My ###### # C S F T By How // ##### From These Today B ## # P W D While Hi Yes "" ## # With An “ # Since The H ## The ## /* ("
day_name,what ## # You - What ### >  If It There The #### I This In # On As So ( # package
day_name,"what # # ### The 's  I A W ## It When using the - importing information from We < S You As This By After M #### There If import ( > From Here At # # In User L package With On ##### ## For All What ### How Today <? # My Are To “ So // #!/ H E Last /* One # While "" ## No Do ## Our D New by The Every ###### ## An ### # Some --- Hello Over"
day_name,"i ' # ### The It ## In using import the day I A D  package, #### This - > ``` When ( If // --- ##### < “ Today # On ### There For User By T As What ## To The "" We You Your My Here Since Our <? from After Over At An One \ While From How Are New W M by G P # H S So B ### /** According to ###### @ Home # Some E R These Every Now Many"
day_name,name package using on tuesday from p The
day_name,"name I # The - Monday This ## ### By  #### # Wednesday It A We As package Please In using “ What If The # S C import For > // There Is Today Here < User You When While To On Our Over ###### const # N P using So <? /* M F from With An From At L ## # The Last First ### How --- Are Every The ## ##### H G # Since "" After The \ The # @ T ( All One"
day_name,"name  #  ## - The import package  ### If I module User #### > On July When using the 'import package This My ( It After By What Here There ##### A In You ###### # M Today As From We How <? While // With One Last #!/ T from So # /* For D B ### C At Do F # “ An # const R H Our ``` "" Every # < E The To ### The /** Now G # # # @"
day_name,"what A 15 E day F class - I ## This # #### The < C > It ### User As T If By What // In W import html const How ## There using by “ With We When At Today To For <? package /* From Here You On from These While Are M An "" ##### /** --- S Since So Last L B D ###### # G H Our # My @ Hello # One \ ( # #!/ Your R First I During All"
day_name,"i # ### What ## This module  - The U (U) If using I < A import ###### > #### How package ## You M * User S from In ##### <? /* When It ## For G // We There by By My # With Our @ While Here # # #!/ T H As One class Today ``` Last First Since So # const On “ Hello F "" # # --- At R L Do The From An # C D Over # Some N"
distance,"list the 1 - #  If I This ## The D In One ### A First You By # When using “ # import package #### On "" Limit To User # As What ##### It At There My ###### Our M We B --- > // How from ``` ### The E Last #!/ With The These <? const < So /* # Since P While W Today H ( @ F After N ## The From S Many ## Here ' # Now R For U"
distance,list the 1 The # ' - ## ### #### < what (  D I S T A N C E // “ We M You If As By It What import This When Here > ## # package # using F R W B There For While <? User One ##### In from With by /* After How New --- @ Home ``` On Since Today To Our H Over Last Every /** const var # import class ### ###### My ### ### Are At From * Welcome
distance,d The  # package i ## I User ### A H
distance,"o #  ## package (show ""package import - ### # This I The D A You For # In It using As # There <? We What #### On from At If Today When My ## By > User ###### by Our With After To ## So // M ## How Many Are < ##### ### /* class import * use # One S From Now “ # All --- C An Every W #!/ /** The Last H ## # const using ### L R During #"
distance,list the 1 package from # C ## I ### What The L - If We This For #### A When Do As It <? using > # In To ###### import “
distance,"list the 7 ## # - ( > ### “ #### using from The User # # If We I When With At It One This // A On import There ###### What In As By package D const Today # # <? So < The F To Here For You # From An # Our Last T Are While S The Every My ## After Now ### ##### /* /** C # How Many N Do B W M --- ``` "" #!/ html """""" Hi New The Have"
distance,list the total  # of  I A ### F This C In ## using - The #### On It import < > “ There User # package When ( At As If ##### We ## The --- # ## For The ###### So The You With ## To S From Our from ``` by By The <? B How @ ## One L What ## Are H While # ## Do D # An W After Here # T Home // /* My Have ### ### Every # Over
distance,m #  It This ### The S I P ## You As package F - A What If When #### At In There Are For User Here ##### <? // --- > /* using
distance,"s  ### ## # import module > # - The It What “ I This As "" A Z We There #### using < package # --- When In How You While Today ## If By Last // So ( User To From /* S After For /** T My One At Here With ##### <? D The #!/ # # ## by from F # @ const ``` ###### Some W About M \ # # On L H An Now # ### Whether P G Every # class"
distance,list the 1 #s using ## ### #### package (service class - economy) < 5 > # ' Show In D This One The M As When I F There // A T If At You ## It import # We <? So What My By With “ ## S ###### How ##### After # from The For Today User ``` C The const Our # To The # /** These On Here While E /* From --- The Last B by @ ## #!/ L
ground_service,"transport #  This is ## ### A #### If I You There On The It # package // S In using - < > # ## User import ( We While When By Our What With ###### T ## At Here from My To --- “ # As by After For Since From # ##### M ### ### Last U ### "" # H ### L # How New Over /* F One These # The ## <? # # ### Today /** R So About All The C *"
ground_service,ground # In den - using ## A The  I ### W package ## ( It --- Using ## This package What There We On You When By As With User ### D ' ## #### S > < ## “Ground // import xml // How Many Do ## For At Here If <? ## const N Our After ###### To M H # Last November P L T @ # From April Today So ## Home May My # One ##### Are February ## The New /*
ground_service,"transportation # in new  ### The M S ## package A #### American - what This package is from american a < > using ## I On User We If "" When It In From ##### There At How For ## <? /* ### B ## ## Here What With To As By // ``` import ' Using While You H / My N ###### After An Today So The One “ # Last Now const # # by D # * ( \ E # P # # ---"
ground_service,"ground # ## Re The airport I '  ### What There In b #### How We - ### < # A ## If (1) ##### At This After ## import re package User --- When using by from > #!/ "" C \ It As You Now One Our For Here On My ###### “ @ F The To // <? /** * L O B J E C T W D /* By ``` With While Who # ## P H I S M So Every Last"
ground_service,"ground # import data from the ( -  In package ## M P A ### U S The module There # I D N #### We It < User If # By using "" # When using --- You What > One C This package // How About These L package As # My F For ##### After Using ###### So While On H At <? An F W The ' by Our The G E ## K B All From New The “ const First /** To T Last"
ground_service,"show # I ## The ###  If using G import from package ""G"" This # When (what #### It User As A One - In L < S T You What --- With My P We Our “ At How There Last ##### So On // /** M W Today After <? By Your ## > ## ###### For H Here Some # Since B From ### To R While These Are F # by @ ``` ## ### const ​ New #!/ Home # Hello ##"
ground_service,"please ### The following  # This package ## In the D (ALL CIT I P If ## #### What It using - ##### There We A ###### So import import > ""s ## When One On User # ### From M To L from # Our You For With “ // <? /* At H Here E The B Last < # Every R T By by # const Today Are As These S ' # ## The # After All The ### \ html ## The"
ground_service,"ground The A #  I package ## It ### In This When We What If - # At User S There < As So #### You ##### For // With My import ( using /* package C Our from L On How “  > By After --- Here ## One The While <? # T D These ## B New Last ### Some W M # To Many E # # # # H N The # R "" ### All ### # An # by ``` ' F"
ground_service,"ground # import the package ## < A I > #### ###  You M In When The Service As This - After # We There It On Last What If For Our using By With From <? /* // import ( "" http : \ / # At @ Before During So User Is R from #!/ import S D G F W --- const My T E /** ###  ##### ###### # ## # # ### Today Everyone ## by Your Since Some New ### Yes ### ###"
ground_service,"show  # The User If I package ( - ## ### ##### #### As We A It By In This For Today You What There So When import "" “ > At Here One From --- To # Last < M E // G O With Our All # On While How # <? The using #!/ package After The from @ Since # Home Now ' ``` D L P U B My First Book class ## /** ### H F N ###### Hello New # S T No"
cheapest,cheapest 12 by noon from #  ## What A You If In The ### User package show . #### ##### It I This using > import - - --- ###### There As By When ``` After C by We ## With From Now So Today // Our For ( - <? My B The Here To While M One “ D L These At Last ## On S All T ## < An Over W Home @ # \ How Many N H P # /* R
cheapest,- # 27 i 's cheapest
cheapest,12 cheapest fa F
cheapest,cheap # 2
cheapest,"[i need  # cheap ## #  - The < > User ### ###### A B C D This I # #### You ( "" It For import from the package We When If So As In My At What By # using by --- <? $ Last After While M /* To From An On “ Today Our F /** ##### // There All H R N ## #!/ New # html # The Home # ``` ### The Welcome With Are ### One L Here ### Since"
cheapest,"t -  # from "" ( using Continental airlines and ## I The Che At It ### ##### #### package What From You And ###### @ ### We A There First On If By This After Today When How With ## In <? # C # User F For “ > < // by ## S The Hi While const import use function class New Last As Is ``` # Here H Over To So L My Our M Are Some \ I html Do ## B ---"
cheapest,a I  # what package is A E - ## < L S The It What As For <? > // using #### ### D H B O F C N R P U You This User How Here If import There We By With ##### ## So When Is Not M In ## From To T On --- /** ## Today Some While “ My Last These An ###### \ * First Second ## # Our After Since W ## ( from # const { ## During One Many
cheapest,"i want the #  package from p ## What ### I #### If There By The From P This - F (the #  package ###### How You A In When At It ##### We Have The My After So User As On For import by using ``` > < C // W ### Last One D ### With Our The --- <? $ Here The \ “ The # # Your "" To Today S ### Since B While T L const - H ## Just E All"
cheapest,fa The #  If I use the “the # using This What It When A B D - ## As ### #### import User # package In We # By < After From For With At > ### # ###### ### ##### // ( # ## ## ``` You <? An W C ## To Here --- Today There The F While S by # How On The ### M T ## Since # # #!/ Our New One Are Now # So @ /* class a # E
cheapest,"in using from  # ' ( "" ## - package [ SE I The cheap class is first by the dollar S If There Are In Using For We This When With User ### By After Here #### A You How Today My One As While import package ###### # ##### /* ### It Last What H Our From On ## /** <? > So --- ## C Since # To < ``` Some F M “ B D \ Your R All T // An About Whether Many Do"
